E,C,O,O-C
-1167,1789.9340271433944,,
-1166,1790.1439640410772,,
-1165,1790.3539009387598,,
-1164,1790.5638378364424,,
-1163,1790.7737747341253,1790.7768650075566,266.99962446655263
-1162,1790.9837116318079,1790.986367539796,229.47045017426717
-1161,1791.1936485294905,,
-1160,1791.4035854271733,,
-1159,1791.613522324856,1791.6148053632032,110.85451320759603
-1158,1791.8234592225385,1791.8242436535882,67.77484268750413
-1157,1792.0333961202214,1792.0345545695131,100.09001880971482
-1156,1792.243333017904,1792.2442223112628,76.83494619996054
-1155,1792.4532699155866,1792.453948845146,58.659513932070695
-1154,1792.6632068132694,1792.6637179136364,44.15907171060098
-1153,1792.873143710952,1792.8733653779518,19.152028780808905
-1152,1793.0830806086346,1793.083188985306,9.363744398433482
-1151,1793.2930175063175,1793.292972707222,-3.870641857793089
-1150,1793.502954404,1793.5028394435449,-9.932583331101341
-1149,1793.7128913016827,1793.7127429393565,-12.818504981260048
-1148,1793.9228281993655,1793.922582223232,-21.252337939222343
-1147,1794.1327650970481,1794.1325072505444,-22.27793791971635
-1146,1794.3427019947308,1794.3425171171702,-15.97342122840928
-1145,1794.5526388924136,1794.5526314110803,-0.6463872006861493
-1144,1794.7625757900962,1794.7626381313826,5.386287142027868
-1143,1794.9725126877788,1794.9726284248213,9.999680472537875
-1142,1795.1824495854617,1795.1827636506057,27.13522844496765
-1141,1795.3923864831443,1795.392795664954,35.35330836675712
-1140,1795.6023233808269,1795.602734852328,35.55113769834861
-1139,1795.8122602785095,1795.8126034645877,29.651277158700395
-1138,1796.0221971761923,1796.0230385487207,72.69458645241684
-1137,1796.232134073875,1796.232904130007,66.53284981075558
-1136,1796.4420709715575,1796.4429640223534,77.15958876287914
-1135,1796.6520078692404,1796.65251690797,43.98094624266378
-1134,1796.861944766923,1796.8620667169012,10.53647811349947
-1133,1797.0718816646056,1797.0715385277304,-29.647026021120837
-1132,1797.2818185622884,1797.2816260739098,-16.630995912419166
-1131,1797.491755459971,1797.4915412526932,-18.5075088062149
-1130,1797.7016923576537,1797.7014571367843,-20.323083116090856
-1129,1797.9116292553365,1797.9113791103673,-21.612525337695843
-1128,1798.121566153019,1798.1214509238575,-9.95579955924768
-1127,1798.3315030507017,1798.3314867372972,-1.4094781538005918
-1126,1798.5414399483846,1798.5413905928071,-4.264321887603728
-1125,1798.7513768460672,1798.7516162539641,20.68484229821479
-1124,1798.9613137437498,1798.961850721879,46.39491036941763
-1123,1799.1712506414326,1799.1722393802079,85.42703018392785
-1122,1799.3811875391152,1799.381752479364,48.810837492055725
-1121,1799.5911244367978,1799.5916193568814,42.76109522397746
-1120,1799.8010613344807,1799.8019595853225,77.60887273398112
-1119,1800.0109982321633,1800.0114281319736,37.14334361357032
-1118,1800.2209351298459,1800.2215515663943,53.26011778161046
-1117,1800.4308720275287,1800.4312343283643,31.302792196220253
-1116,1800.6408089252113,,
-1115,1800.850745822894,,
-1114,1801.0606827205766,,
-1113,1801.2706196182594,,
-1112,1801.480556515942,,
-1111,1801.6904934136246,,
-1110,1801.9004303113074,,
-1109,1802.11036720899,,
-1108,1802.3203041066727,,
-1107,1802.5302410043555,,
-1106,1802.740177902038,,
-1105,1802.9501147997207,,
-1104,1803.1600516974036,,
-1103,1803.3699885950862,,
-1102,1803.5799254927688,1803.5813538533318,123.41035264907987
-1101,1803.7898623904516,1803.7907673265759,78.18648113461677
-1100,1803.9997992881342,1804.0009680528149,100.98126840748591
-1099,1804.2097361858168,1804.2110011977272,109.29702905777958
-1098,1804.4196730834997,1804.4203007926337,54.23406918198452
-1097,1804.6296099811823,1804.630407779942,68.92981284472626
-1096,1804.839546878865,1804.8399380108228,33.79380116602988
-1095,1805.0494837765477,1805.0496019738441,10.212246407900238
-1094,1805.2594206742303,1805.2593761192422,-3.8495509725180455
-1093,1805.469357571913,1805.469094717083,-22.710657311836258
-1092,1805.6792944695958,1805.6795536495756,22.39315025653923
-1091,1805.8892313672784,1805.8898549400856,53.87669053961872
-1090,1806.099168264961,1806.1008059321512,141.49444522918202
-1089,1806.3091051626438,1806.3111188105543,173.97917946000234
-1088,1806.5190420603265,1806.5215840129806,219.62470931903226
-1087,1806.728978958009,1806.7310254402862,176.81606874466524
-1086,1806.938915855692,1806.941101611838,188.8493310136255
-1085,1807.1488527533745,1807.1505619871564,147.67779875328415
-1084,1807.3587896510571,1807.3601318377134,115.96492710450548
-1083,1807.56872654874,1807.5697567664017,89.01080597643158
-1082,1807.7786634464226,1807.7797307169908,92.21217709491611
-1081,1807.9886003441052,1807.989249329847,56.07236810174072
-1080,1808.198537241788,1808.1992560840242,62.107969208591385
-1079,1808.4084741394706,1808.4092553858977,67.49969130105455
-1078,1808.6184110371532,1808.6192831836024,75.35345320939086
-1077,1808.828347934836,1808.8286721496795,28.01216247244156
-1076,1809.0382848325187,1809.038329234845,3.836360987043008
-1075,1809.2482217302013,1809.2483082704057,7.477073659538291
-1074,1809.4581586278841,1809.4581789112046,1.752478892012732
-1073,1809.6680955255667,1809.6681658566854,6.07660865134676
-1072,1809.8780324232494,1809.8781187129878,7.45543339944561
-1071,1810.0879693209322,1810.0885007664906,45.91689624649007
-1070,1810.2979062186148,1810.299430202859,131.6722386953188
-1069,1810.5078431162974,1810.5099227223338,179.6779615477135
-1068,1810.7177800139802,1810.720549174651,239.25548195911688
-1067,1810.9277169116629,1810.9302998304345,223.16418186819647
-1066,1811.1376538093455,1811.1397073051264,177.42203547459212
-1065,1811.3475907070283,1811.3488387359191,107.82969616629998
-1064,1811.557527604711,1811.5580362942364,43.95077500594198
-1063,1811.7674645023935,1811.7681120535183,55.948417179024545
-1062,1811.9774014000761,1811.9777405728898,29.30453110457165
-1061,1812.187338297759,1812.1879886774402,56.19280445971526
-1060,1812.3972751954416,1812.3982512779808,84.33353138534585
-1059,1812.6072120931242,1812.6083213403188,95.83895761024905
-1058,1812.817148990807,1812.8180760377666,80.09685730357887
-1057,1813.0270858884896,1813.0277027957243,53.30078507322469
-1056,1813.2370227861722,1813.2375100362267,42.098404704302084
-1055,1813.446959683855,1813.4471361293486,15.244890636677155
-1054,1813.6568965815377,,
-1053,1813.8668334792203,,
-1052,1814.0767703769031,,
-1051,1814.2867072745858,,
-1050,1814.4966441722684,,
-1049,1814.7065810699512,,
-1048,1814.9165179676338,,
-1047,1815.1264548653164,,
-1046,1815.3363917629993,,
-1045,1815.5463286606819,,
-1044,1815.7562655583645,,
-1043,1815.9662024560473,,
-1042,1816.17613935373,,
-1041,1816.3860762514125,,
-1040,1816.5960131490951,,
-1039,1816.805950046778,,
-1038,1817.0158869444606,,
-1037,1817.2258238421432,,
-1036,1817.435760739826,,
-1035,1817.6456976375086,,
-1034,1817.8556345351913,,
-1033,1818.065571432874,,
-1032,1818.2755083305567,,
-1031,1818.4854452282393,,
-1030,1818.6953821259222,,
-1029,1818.9053190236048,,
-1028,1819.1152559212874,,
-1027,1819.3251928189702,,
-1026,1819.5351297166528,,
-1025,1819.7450666143354,,
-1024,1819.9550035120183,,
-1023,1820.1649404097009,,
-1022,1820.3748773073835,,
-1021,1820.5848142050663,,
-1020,1820.794751102749,,
-1019,1821.0046880004315,,
-1018,1821.2146248981144,,
-1017,1821.424561795797,,
-1016,1821.6344986934796,,
-1015,1821.8444355911624,,
-1014,1822.054372488845,,
-1013,1822.2643093865277,,
-1012,1822.4742462842105,,
-1011,1822.684183181893,,
-1010,1822.8941200795757,,
-1009,1823.1040569772586,,
-1008,1823.3139938749412,,
-1007,1823.5239307726238,,
-1006,1823.7338676703066,,
-1005,1823.9438045679892,,
-1004,1824.1537414656718,,
-1003,1824.3636783633547,,
-1002,1824.5736152610373,,
-1001,1824.7835521587199,,
-1000,1824.9934890564027,,
-999,1825.2034259540853,,
-998,1825.413362851768,,
-997,1825.6232997494508,,
-996,1825.8332366471334,,
-995,1826.043173544816,,
-994,1826.2531104424988,,
-993,1826.4630473401814,,
-992,1826.672984237864,,
-991,1826.882921135547,,
-990,1827.0928580332295,,
-989,1827.3027949309121,,
-988,1827.5127318285947,,
-987,1827.7226687262776,,
-986,1827.9326056239602,,
-985,1828.1425425216428,,
-984,1828.3524794193256,,
-983,1828.5624163170082,,
-982,1828.7723532146908,,
-981,1828.9822901123737,,
-980,1829.1922270100563,,
-979,1829.402163907739,,
-978,1829.6121008054217,,
-977,1829.8220377031043,,
-976,1830.031974600787,,
-975,1830.2419114984698,,
-974,1830.4518483961524,,
-973,1830.661785293835,,
-972,1830.8717221915178,,
-971,1831.0816590892005,,
-970,1831.291595986883,,
-969,1831.501532884566,,
-968,1831.7114697822485,,
-967,1831.9214066799311,,
-966,1832.131343577614,,
-965,1832.3412804752966,,
-964,1832.5512173729792,,
-963,1832.7611542706618,,
-962,1832.9710911683446,,
-961,1833.1810280660272,,
-960,1833.3909649637098,,
-959,1833.6009018613927,,
-958,1833.8108387590753,,
-957,1834.020775656758,,
-956,1834.2307125544407,,
-955,1834.4406494521234,,
-954,1834.650586349806,,
-953,1834.8605232474888,,
-952,1835.0704601451714,,
-951,1835.280397042854,,
-950,1835.4903339405369,,
-949,1835.7002708382195,,
-948,1835.910207735902,,
-947,1836.120144633585,,
-946,1836.3300815312675,,
-945,1836.5400184289501,,
-944,1836.749955326633,,
-943,1836.9598922243156,,
-942,1837.1698291219982,,
-941,1837.379766019681,,
-940,1837.5897029173636,,
-939,1837.7996398150462,,
-938,1838.009576712729,,
-937,1838.2195136104117,,
-936,1838.4294505080943,,
-935,1838.6393874057771,,
-934,1838.8493243034598,,
-933,1839.0592612011424,,
-932,1839.2691980988252,,
-931,1839.4791349965078,,
-930,1839.6890718941904,,
-929,1839.8990087918733,,
-928,1840.1089456895559,,
-927,1840.3188825872385,,
-926,1840.5288194849213,,
-925,1840.738756382604,,
-924,1840.9486932802865,,
-923,1841.1586301779694,,
-922,1841.368567075652,,
-921,1841.5785039733346,,
-920,1841.7884408710174,,
-919,1841.9983777687,,
-918,1842.2083146663826,,
-917,1842.4182515640655,,
-916,1842.628188461748,1842.6288355261888,55.90636767883552
-915,1842.8381253594307,1842.8385213971744,34.21766105675488
-914,1843.0480622571135,1843.0486241597766,48.54839009130956
-913,1843.2579991547962,1843.2586669018103,57.69334202486789
-912,1843.4679360524788,1843.468415635965,41.43601320247399
-911,1843.6778729501614,1843.6787412834794,75.02399868099019
-910,1843.8878098478442,1843.8880518067965,20.905253478849772
-909,1844.0977467455268,1844.0981410660322,34.069291665946366
-908,1844.3076836432094,1844.3077276327447,3.8006958449841477
-907,1844.5176205408923,1844.5178692143932,21.485390477027977
-906,1844.7275574385749,1844.7283782494371,70.91805849850061
-905,1844.9374943362575,1844.9382019845298,61.14081072519184
-904,1845.1474312339403,1845.1481140131534,58.99212401127443
-903,1845.357368131623,1845.3580395041224,58.00658395528444
-902,1845.5673050293055,1845.5680900898374,67.82922994971159
-901,1845.7772419269884,1845.7787795349138,132.84932475944515
-900,1845.987178824671,1845.9894255966701,194.12110072444193
-899,1846.1971157223536,1846.1996524577664,219.17393966868985
-898,1846.4070526200364,1846.410113978107,264.50133728721994
-897,1846.616989517719,1846.6191016362734,182.48704309589812
-896,1846.8269264154017,1846.8286357330462,147.6850444894808
-895,1847.0368633130845,1847.0381200670824,108.58354542287998
-894,1847.246800210767,1847.2475877415075,68.04265596656478
-893,1847.4567371084497,1847.4581190932433,119.40348616917618
-892,1847.6666740061326,1847.6668044209252,11.267838088679127
-891,1847.8766109038152,1847.877327230999,61.89066868973896
-890,1848.0865478014978,1848.087777725637,106.26544562037452
-889,1848.2964846991804,1848.2972759148217,68.36103141322383
-888,1848.5064215968632,1848.5069470424567,45.39849927314208
-887,1848.7163584945458,1848.7166890802469,28.562604568287497
-886,1848.9262953922284,1848.9268241779175,45.68708353690454
-885,1849.1362322899113,1849.1365352356224,26.174509443808347
-884,1849.346169187594,1849.346369071882,17.270002493751235
-883,1849.5561060852765,1849.5569629976974,74.03723316456308
-882,1849.7660429829593,1849.767729223894,145.69121676322538
-881,1849.975979880642,1849.97796650302,171.64417347012204
-880,1850.1859167783246,1850.1886116211642,232.83442134779762
-879,1850.3958536760074,1850.3975634085289,147.72088985555456
-878,1850.60579057369,1850.607796791525,173.33722094917903
-877,1850.8157274713726,1850.816794076232,92.154659859807
-876,1851.0256643690554,1851.025882296183,18.82890382039477
-875,1851.235601266738,1851.2359573089186,30.762044400034938
-874,1851.4455381644207,1851.445863528354,28.11144384322688
-873,1851.6554750621035,1851.6559831936584,43.90256633923855
-872,1851.8654119597861,1851.8662290520977,70.59677571669454
-871,1852.0753488574687,1852.0760837383477,63.49370794632705
-870,1852.2852857551516,1852.286007666011,62.37309826174169
-869,1852.4952226528342,1852.495575457106,30.482289089559345
-868,1852.7051595505168,1852.7054331609402,23.639940581051633
-867,1852.9150964481996,1852.915394629267,25.762844220298575
-866,1853.1250333458822,1853.1249942650072,-3.3765876010875218
-865,1853.3349702435648,1853.3348821519085,-7.61111911124317
-864,1853.5449071412477,1853.5452705092662,31.394996798189823
-863,1853.7548440389303,1853.7556351494568,68.35194949017023
-862,1853.964780936613,1853.9661884278494,121.60724283166928
-861,1854.1747178342957,1854.1774247147823,233.8744740409311
-860,1854.3846547319783,1854.3867552266518,181.48273978295038
-859,1854.594591629661,1854.596208946536,139.73617801093496
-858,1854.8045285273438,1854.8053238524933,68.71609291774803
-857,1855.0144654250264,,
-856,1855.224402322709,,
-855,1855.4343392203918,,
-854,1855.6442761180745,,
-853,1855.854213015757,,
-852,1856.06414991344,,
-851,1856.2740868111225,,
-850,1856.4840237088051,,
-849,1856.693960606488,1856.694094793841,11.593787305173464
-848,1856.9038975041706,1856.9035442329669,-30.522632001520833
-847,1857.1138344018532,1857.1137118524218,-10.588270868902327
-846,1857.323771299536,1857.3237126507922,-5.067251463333378
-845,1857.5337081972186,1857.5334812353356,-19.60950669745216
-844,1857.7436450949012,1857.7435530915495,-7.94908958778251
-843,1857.953581992584,1857.9533844532036,-17.067402471002424
-842,1858.1635188902667,1858.1634609731952,-5.004034972807858
-841,1858.3734557879493,1858.3738313942174,32.45238156450796
-840,1858.5833926856321,1858.5839907091397,51.669231053529074
-839,1858.7933295833147,1858.7941070258653,67.17103636692627
-838,1859.0032664809974,1859.0039648405243,60.33826312850579
-837,1859.21320337868,1859.2140920921713,76.78484565258259
-836,1859.4231402763628,1859.4237707293387,54.471137116343016
-835,1859.6330771740454,1859.6339453322494,75.00886882189661
-834,1859.843014071728,1859.8441103551268,94.7188856509456
-833,1860.0529509694109,1860.053654967647,60.825447597017046
-832,1860.2628878670935,1860.2636453361733,65.44532850093674
-831,1860.472824764776,1860.4731117027811,24.79144363605883
-830,1860.682761662459,1860.682794539569,2.8405823053617496
-829,1860.8926985601415,1860.8925307442703,-14.499291274842108
-828,1861.1026354578241,1861.1023474454762,-24.88426686177263
-827,1861.312572355507,1861.3122522349636,-27.65841494911001
-826,1861.5225092531896,1861.5222211756104,-24.88990284036845
-825,1861.7324461508722,1861.7317061807225,-63.93342092997045
-824,1861.942383048555,1861.942226498652,-13.525911625038134
-823,1862.1523199462376,1862.1523531229946,2.86647179746069
-822,1862.3622568439202,1862.3618973573916,-31.059636073041474
-821,1862.572193741603,1862.5717679429106,-36.78900703234831
-820,1862.7821306392857,1862.7824587707382,28.3505574989249
-819,1862.9920675369683,1862.9918212705682,-21.277416973316576
-818,1863.2020044346511,1863.2021410486063,11.803445728583029
-817,1863.4119413323338,1863.412749225058,69.80193137060269
-816,1863.6218782300164,1863.6227248549576,73.14839492246392
-815,1863.8318151276992,1863.8317002643007,-9.924197629879927
-814,1864.0417520253818,1864.042331963176,50.106625410262495
-813,1864.2516889230644,1864.2517484199009,5.1405266698566265
-812,1864.461625820747,1864.4618212814469,16.887804466387024
-811,1864.6715627184299,1864.6717468162828,15.906054497463629
-810,1864.8814996161125,1864.8816965942385,17.01891008997336
-809,1865.091436513795,1865.0911023875722,-28.868505660648225
-808,1865.301373411478,1865.3013113136412,-5.365253089985345
-807,1865.5113103091605,1865.5113405142167,2.609716854931321
-806,1865.7212472068431,1865.721252737548,0.4778528957103845
-805,1865.931184104526,1865.9310493748221,-11.640646413434297
-804,1866.1411210022086,1866.1413931566153,23.514140741463052
-803,1866.3510578998912,1866.3511734481235,9.983367272070609
-802,1866.560994797574,1866.5611174558328,10.597673556912923
-801,1866.7709316952566,1866.7717518543375,70.8617445838172
-800,1866.9808685929393,1866.981923028712,91.10325075525907
-799,1867.190805490622,1867.1916909814167,76.5064046572661
-798,1867.4007423883047,1867.401375697057,54.71787618880626
-797,1867.6106792859873,1867.6110603508153,32.92400113350595
-796,1867.8206161836702,1867.8209762445474,31.109259794902755
-795,1868.0305530813528,1868.030575378927,1.926510422345018
-794,1868.2404899790354,1868.2405632892226,6.33400017322856
-793,1868.4504268767182,1868.4504786749496,4.4753671951184515
-792,1868.6603637744008,1868.6602544094662,-9.449130348366452
-791,1868.8703006720834,,
-790,1869.0802375697663,,
-789,1869.2901744674489,,
-788,1869.5001113651315,,
-787,1869.7100482628143,,
-786,1869.919985160497,,
-785,1870.1299220581795,,
-784,1870.3398589558624,,
-783,1870.549795853545,,
-782,1870.7597327512276,1870.761728989128,172.47495459087077
-781,1870.9696696489104,1870.9716100009834,167.64641910776845
-780,1871.179606546593,1871.1803891594345,67.61774950355175
-779,1871.3895434442757,1871.3906129518462,92.40545409047627
-778,1871.5994803419585,1871.6012114048015,149.56382963209762
-777,1871.809417239641,1871.810298666659,76.15529434915516
-776,1872.0193541373237,1872.0203387670051,85.07200447274954
-775,1872.2292910350066,1872.229614341856,27.933711787773063
-774,1872.4392279326892,1872.4393482088617,10.391861307289219
-773,1872.6491648303718,1872.6490352247627,-11.197924627776956
-772,1872.8591017280546,1872.858668605271,-37.42180849731085
-771,1873.0690386257372,1873.069076676235,3.2875630080525298
-770,1873.2789755234198,1873.2796007556485,54.020064558426384
-769,1873.4889124211027,1873.4900127190715,95.06574450715561
-768,1873.6988493187853,1873.7008526480756,173.08765068592038
-767,1873.908786216468,1873.9110160524383,192.6578278435045
-766,1874.1187231141507,1874.1212989135447,222.5490676399204
-765,1874.3286600118333,1874.3311675546306,216.65169768457417
-764,1874.538596909516,1874.540541113271,167.97920444078045
-763,1874.7485338071986,1874.7503984971663,161.10921321451315
-762,1874.9584707048814,1874.9600199013255,133.85057277046144
-761,1875.168407602564,1875.1700001960735,137.60007921955548
-760,1875.3783445002466,1875.3793062291552,83.09337770115235
-759,1875.5882813979294,1875.5888840643997,52.070383032696554
-758,1875.798218295612,1875.7986964940933,41.316348778491374
-757,1876.0081551932947,1876.0086787367254,45.23415241637849
-756,1876.2180920909775,1876.2182887866657,16.994507455819985
-755,1876.4280289886601,1876.427786406857,-20.95906779213692
-754,1876.6379658863427,1876.6375512159354,-35.82752318907296
-753,1876.8479027840256,1876.8472838344808,-53.47724066959927
-752,1877.0578396817082,1877.057129582399,-61.35258030772093
-751,1877.2677765793908,1877.2674900762627,-24.753870268614264
-750,1877.4777134770736,1877.4778302914362,10.092760931001976
-749,1877.6876503747562,1877.6885572945353,78.35786890791496
-748,1877.8975872724388,1877.899304193863,148.34201104022213
-747,1878.1075241701217,1878.1100784033429,220.685750310804
-746,1878.3174610678043,1878.3200741255312,225.7681876020797
-745,1878.527397965487,1878.530480885457,266.36428542624344
-744,1878.7373348631697,1878.739680305211,202.64619237350416
-743,1878.9472717608523,1878.9486550195768,119.51355379205779
-742,1879.157208658535,1879.1589816524104,153.18667083629407
-741,1879.3671455562178,1879.368795364158,142.54340602565208
-740,1879.5770824539004,1879.5784213340683,115.67924650225905
-739,1879.787019351583,1879.7880664305944,90.46762658617808
-738,1879.9969562492656,1879.998135476331,101.88521845484502
-737,1880.2068931469485,1880.2076161990256,62.471699460729724
-736,1880.416830044631,1880.4171443742996,27.158083360700402
-735,1880.6267669423137,1880.6268191362576,4.509556755510857
-734,1880.8367038399965,1880.8360759350319,-54.25098894411349
-733,1881.0466407376791,1881.0459689439178,-58.042980975005776
-732,1881.2565776353617,1881.256048231433,-45.740499447856564
-731,1881.4665145330446,1881.4659864002956,-45.63066951086512
-730,1881.6764514307272,1881.6763714390008,-6.911285156820668
-729,1881.8863883284098,1881.8867144196406,28.174282342661172
-728,1882.0963252260926,1882.0969027834255,49.900953564065276
-727,1882.3062621237752,1882.3072224769926,82.97451797916437
-726,1882.5161990214579,1882.5173005168513,95.16920199093875
-725,1882.7261359191407,1882.727108991102,84.07341746715247
-724,1882.9360728168233,1882.9370151646367,81.41885107834241
-723,1883.146009714506,1883.1473419486697,115.10503175086342
-722,1883.3559466121887,1883.3572650826302,113.91584614102612
-721,1883.5658835098714,1883.5677245637976,159.06705922607216
-720,1883.775820407554,1883.7772889956768,126.88601381523767
-719,1883.9857573052368,,
-718,1884.1956942029194,,
-717,1884.405631100602,,
-716,1884.6155679982849,,
-715,1884.8255048959675,,
-714,1885.03544179365,,
-713,1885.245378691333,,
-712,1885.4553155890155,,
-711,1885.6652524866981,1885.6651241234451,-11.090585058991564
-710,1885.875189384381,1885.8749330556707,-22.146800569316838
-709,1886.0851262820636,1886.085033125308,-8.048743684776127
-708,1886.2950631797462,1886.2952778933977,18.55125949223293
-707,1886.505000077429,1886.505391938251,33.85677502010367
-706,1886.7149369751116,1886.7154514978608,44.45476553082699
-705,1886.9248738727943,1886.925080333609,17.838214394578245
-704,1887.134810770477,1887.1348558901975,3.898343844775809
-703,1887.3447476681597,1887.3446399981922,-9.302685193688376
-702,1887.5546845658423,1887.554961512092,23.928155969042564
-701,1887.7646214635251,1887.7650674284387,38.53136852849275
-700,1887.9745583612078,1887.9747591806324,17.350798290863167
-699,1888.1844952588904,1888.184331863244,-14.117383837583475
-698,1888.3944321565732,1888.3944193827672,-1.1036568401323166
-697,1888.6043690542558,1888.6046707038618,26.062525953602744
-696,1888.8143059519384,1888.8143859022632,6.9077080617717
-695,1889.0242428496213,1889.0241085863465,-11.600346936756978
-694,1889.2341797473039,1889.2339715805308,-17.98560919269221
-693,1889.4441166449865,1889.44406377404,-4.56804978166474
-692,1889.6540535426693,1889.654301302161,21.406420081621036
-691,1889.863990440352,1889.864131842105,12.217111470090458
-690,1890.0739273380345,1890.0739831576652,4.822816091473214
-689,1890.2838642357174,1890.2845093772323,55.74022689179401
-688,1890.4938011334,1890.4944452074676,55.647999442589935
-687,1890.7037380310826,1890.7043166815495,49.995400338229956
-686,1890.9136749287652,1890.9145529128095,75.85782143069082
-685,1891.123611826448,1891.1244274774401,70.47224571579136
-684,1891.3335487241307,1891.333824409139,23.81918471874087
-683,1891.5434856218133,1891.5441038678941,53.41646138767828
-682,1891.753422519496,1891.753556600683,11.584614543244243
-681,1891.9633594171787,1891.9635764271948,18.749665387440473
-680,1892.1732963148613,1892.1736705021035,32.3297777249536
-679,1892.3832332125442,1892.3832386496915,0.4697695323557127
-678,1892.5931701102268,1892.5933026467817,11.451158345880685
-677,1892.8031070079094,1892.8033313528094,19.383399365324294
-676,1893.0130439055922,1893.0131953502357,13.084817198978271
-675,1893.2229808032748,1893.2236098940766,54.3534452750464
-674,1893.4329177009574,1893.4343565854035,124.3196161420201
-673,1893.6428545986403,1893.6449155691746,178.0678541661473
-672,1893.8527914963229,1893.8551865980994,206.93679349205922
-671,1894.0627283940055,1894.0652443448625,217.37815404994763
-670,1894.2726652916883,1894.274825768192,186.66516991142998
-669,1894.482602189371,1894.4846857245998,180.0174437725218
-668,1894.6925390870535,1894.6944339992297,163.72041201611864
-667,1894.9024759847364,1894.9042365040043,152.10886474815197
-666,1895.112412882419,1895.1144165598241,173.11772780303727
-665,1895.3223497801016,1895.3241169684081,152.68506968423026
-664,1895.5322866777842,1895.5333394980034,90.96366694138851
-663,1895.742223575467,1895.7428856822924,57.206029706139816
-662,1895.9521604731497,1895.9522414699702,6.99812529492192
-661,1896.1620973708323,1896.1621941421563,8.36104239569977
-660,1896.372034268515,1896.3719470656006,-7.5343318152590655
-659,1896.5819711661977,1896.5821407676308,14.653563817410031
-658,1896.7919080638803,1896.791912162193,0.3540942198014818
-657,1897.0018449615632,1897.0021653419076,27.680861757835373
-656,1897.2117818592458,1897.212386417362,52.23382124531781
-655,1897.4217187569284,1897.423579624091,160.77892284665722
-654,1897.6316556546112,1897.633898256071,193.76076612534234
-653,1897.8415925522938,,
-652,1898.0515294499764,,
-651,1898.2614663476593,,
-650,1898.471403245342,,
-649,1898.6813401430245,,
-648,1898.8912770407073,,
-647,1899.10121393839,,
-646,1899.3111508360726,,
-645,1899.5210877337554,,
-644,1899.731024631438,,
-643,1899.9409615291206,,
-642,1900.1508984268035,,
-641,1900.360835324486,,
-640,1900.5707722221687,,
-639,1900.7807091198515,,
-638,1900.9906460175341,,
-637,1901.2005829152167,,
-636,1901.4105198128996,,
-635,1901.6204567105822,,
-634,1901.8303936082648,,
-633,1902.0403305059476,,
-632,1902.2502674036302,,
-631,1902.4602043013128,,
-630,1902.6701411989957,,
-629,1902.8800780966783,,
-628,1903.090014994361,,
-627,1903.2999518920437,,
-626,1903.5098887897263,,
-625,1903.719825687409,,
-624,1903.9297625850918,,
-623,1904.1396994827744,,
-622,1904.349636380457,,
-621,1904.5595732781399,,
-620,1904.7695101758225,,
-619,1904.979447073505,,
-618,1905.189383971188,,
-617,1905.3993208688705,,
-616,1905.6092577665531,,
-615,1905.819194664236,,
-614,1906.0291315619186,,
-613,1906.2390684596012,,
-612,1906.4490053572838,,
-611,1906.6589422549666,,
-610,1906.8688791526492,,
-609,1907.0788160503319,,
-608,1907.2887529480147,,
-607,1907.4986898456973,,
-606,1907.70862674338,,
-605,1907.9185636410627,,
-604,1908.1285005387454,,
-603,1908.338437436428,,
-602,1908.5483743341108,,
-601,1908.7583112317934,,
-600,1908.968248129476,,
-599,1909.1781850271589,,
-598,1909.3881219248415,,
-597,1909.598058822524,,
-596,1909.807995720207,,
-595,1910.0179326178895,,
-594,1910.2278695155721,,
-593,1910.437806413255,,
-592,1910.6477433109376,,
-591,1910.8576802086202,,
-590,1911.067617106303,,
-589,1911.2775540039856,,
-588,1911.4874909016683,,
-587,1911.697427799351,,
-586,1911.9073646970337,,
-585,1912.1173015947163,,
-584,1912.327238492399,,
-583,1912.5371753900818,,
-582,1912.7471122877644,,
-581,1912.957049185447,,
-580,1913.1669860831298,,
-579,1913.3769229808124,,
-578,1913.586859878495,,
-577,1913.7967967761779,,
-576,1914.0067336738605,,
-575,1914.216670571543,,
-574,1914.426607469226,,
-573,1914.6365443669085,,
-572,1914.8464812645911,,
-571,1915.056418162274,,
-570,1915.2663550599566,,
-569,1915.4762919576392,,
-568,1915.686228855322,,
-567,1915.8961657530047,,
-566,1916.1061026506873,,
-565,1916.31603954837,,
-564,1916.5259764460527,,
-563,1916.7359133437353,,
-562,1916.9458502414182,,
-561,1917.1557871391008,,
-560,1917.3657240367834,,
-559,1917.5756609344662,,
-558,1917.7855978321488,,
-557,1917.9955347298314,,
-556,1918.2054716275143,,
-555,1918.4154085251969,,
-554,1918.6253454228795,,
-553,1918.8352823205623,,
-552,1919.045219218245,,
-551,1919.2551561159275,,
-550,1919.4650930136104,,
-549,1919.675029911293,,
-548,1919.8849668089756,,
-547,1920.0949037066584,,
-546,1920.304840604341,,
-545,1920.5147775020237,,
-544,1920.7247143997065,,
-543,1920.934651297389,,
-542,1921.1445881950717,,
-541,1921.3545250927543,,
-540,1921.5644619904372,,
-539,1921.7743988881198,,
-538,1921.9843357858024,,
-537,1922.1942726834852,,
-536,1922.4042095811678,,
-535,1922.6141464788504,,
-534,1922.8240833765333,,
-533,1923.034020274216,,
-532,1923.2439571718985,,
-531,1923.4538940695813,,
-530,1923.663830967264,,
-529,1923.8737678649466,,
-528,1924.0837047626294,,
-527,1924.293641660312,,
-526,1924.5035785579946,,
-525,1924.7135154556775,,
-524,1924.92345235336,,
-523,1925.1333892510427,,
-522,1925.3433261487255,,
-521,1925.5532630464081,,
-520,1925.7631999440907,,
-519,1925.9731368417736,,
-518,1926.1830737394562,,
-517,1926.3930106371388,,
-516,1926.6029475348216,,
-515,1926.8128844325042,,
-514,1927.0228213301868,,
-513,1927.2327582278697,,
-512,1927.4426951255523,,
-511,1927.652632023235,,
-510,1927.8625689209175,,
-509,1928.0725058186003,,
-508,1928.282442716283,,
-507,1928.4923796139656,,
-506,1928.7023165116484,,
-505,1928.912253409331,,
-504,1929.1221903070136,,
-503,1929.3321272046965,,
-502,1929.542064102379,,
-501,1929.7520010000617,,
-500,1929.9619378977445,,
-499,1930.1718747954271,,
-498,1930.3818116931097,1930.382498036144,59.3000381551974
-497,1930.5917485907926,1930.5928658028745,96.52712387687643
-496,1930.8016854884752,1930.802877913996,103.0255650068284
-495,1931.0116223861578,1931.0124481389944,71.34504508139798
-494,1931.2215592838406,1931.2223483896153,68.17873892796342
-493,1931.4314961815232,1931.4322444414306,64.6496559966181
-492,1931.6414330792059,1931.64256318804,97.64140326660709
-491,1931.8513699768887,1931.8525524713446,102.16752098640427
-490,1932.0613068745713,1932.062038088786,63.17690815340029
-489,1932.271243772254,1932.2718371615895,51.26883859265945
-488,1932.4811806699367,1932.4816939668958,44.348857263685204
-487,1932.6911175676194,1932.691858799058,64.04239630574011
-486,1932.901054465302,1932.9019619922515,78.41032843716675
-485,1933.1109913629848,1933.1117161432742,62.62101700194762
-484,1933.3209282606674,1933.3212184102456,25.068923554499634
-483,1933.53086515835,1933.531180476397,27.243479251046665
-482,1933.7408020560329,1933.74068332255,-10.2585729182465
-481,1933.9507389537155,1933.9504662363045,-23.562784311070573
-480,1934.160675851398,1934.1602921572346,-33.151175724196946
-479,1934.370612749081,1934.3705553407888,-4.960076441784622
-478,1934.5805496467635,1934.580287444404,-22.6542838725436
-477,1934.7904865444461,1934.7905583246911,6.201813166262582
-476,1935.000423442129,1935.0004801866005,4.902722339465981
-475,1935.2103603398116,1935.21086427252,43.539786005567294
-474,1935.4202972374942,1935.4212302510298,80.61236947469297
-473,1935.630234135177,1935.6312255355667,85.65699366954505
-472,1935.8401710328596,1935.8404346400177,22.77565846015932
-471,1936.0501079305423,1936.0510303575018,79.69768930124701
-470,1936.260044828225,1936.26028429965,20.69033111547469
-469,1936.4699817259077,1936.4708187295332,72.31711324493517
-468,1936.6799186235903,1936.6803845532945,40.256326443341095
-467,1936.8898555212731,1936.8900382552465,15.788215298380237
-466,1937.0997924189558,1937.1002091382231,36.00454470142722
-465,1937.3097293166384,1937.3097646527,3.0530357333191205
-464,1937.519666214321,1937.5195095308716,-13.5374500285252
-463,1937.7296031120038,1937.7294323767237,-14.751528201304609
-462,1937.9395400096864,1937.9395745400489,2.9834233137080446
-461,1938.149476907369,1938.1496729466533,16.93779415654717
-460,1938.3594138050519,1938.359858692329,38.438260743714636
-459,1938.5693507027345,1938.5700300052038,58.691733345767716
-458,1938.779287600417,1938.7803651853121,93.10333493049257
-457,1938.9892244981,1938.9904194142243,103.240753148566
-456,1939.1991613957825,1939.200518356358,117.24139372745412
-455,1939.4090982934651,1939.4109185990092,157.27439900292666
-454,1939.619035191148,1939.62113338323,181.28379588742973
-453,1939.8289720888306,1939.8304456084932,127.3120988458686
-452,1940.0389089865132,1940.0407375503066,157.98791175184306
-451,1940.248845884196,1940.250626559356,153.85033382699476
-450,1940.4587827818787,1940.4610019759205,191.73836521149497
-449,1940.6687196795613,1940.6693152737491,51.45933783205692
-448,1940.878656577244,,
-447,1941.0885934749267,,
-446,1941.2985303726093,,
-445,1941.5084672702922,,
-444,1941.7184041679748,,
-443,1941.9283410656574,,
-442,1942.1382779633402,,
-441,1942.3482148610228,,
-440,1942.5581517587054,,
-439,1942.7680886563883,,
-438,1942.9780255540709,,
-437,1943.1879624517535,,
-436,1943.3978993494363,,
-435,1943.607836247119,,
-434,1943.8177731448015,,
-433,1944.0277100424842,,
-432,1944.237646940167,,
-431,1944.4475838378496,,
-430,1944.6575207355322,,
-429,1944.867457633215,,
-428,1945.0773945308977,,
-427,1945.2873314285803,1945.2872402933665,-7.874082470516441
-426,1945.497268326263,1945.4969542680312,-27.13463123436668
-425,1945.7072052239457,1945.7076497622675,38.40811099871644
-424,1945.9171421216283,1945.9186781224823,132.71047378584626
-423,1946.1270790193112,1946.1286038534222,131.74566719244467
-422,1946.3370159169938,1946.3398823577916,247.66048492892878
-421,1946.5469528146764,1946.5499434802714,258.39350740861846
-420,1946.7568897123592,1946.7594393579448,220.2893785899505
-419,1946.9668266100418,1946.969073892117,194.1651712913881
-418,1947.1767635077244,1947.1794572848005,232.7423393704521
-417,1947.3867004054073,1947.3876537255046,82.36685640877113
-416,1947.59663730309,1947.597987427435,116.65074342599837
-415,1947.8065742007725,1947.8084886654103,165.40974470772198
-414,1948.0165110984553,1948.0177263496416,104.99770249589346
-413,1948.226447996138,1948.227634032099,102.47350704376004
-412,1948.4363848938206,1948.4377512549258,118.05359949648846
-411,1948.6463217915034,1948.6469898999328,57.724568300909596
-410,1948.856258689186,1948.856639436558,32.89657294008066
-409,1949.0661955868686,1949.0667210586719,45.400763801444555
-408,1949.2761324845515,1949.2764378616007,26.384577054705005
-407,1949.486069382234,1949.4860267163708,-3.6863305846054573
-406,1949.6960062799167,1949.6963628631377,30.8087902936677
-405,1949.9059431775995,1949.905154208494,-68.1669307188713
-404,1950.1158800752821,1950.116729227323,73.36673633617465
-403,1950.3258169729647,1950.3273843616441,135.42238190057105
-402,1950.5357538706476,1950.5385987750878,245.79974364023656
-401,1950.7456907683302,1950.749105899063,295.0672953069443
-400,1950.9556276660128,1950.9585101303715,249.04492058849428
-399,1951.1655645636956,1951.1675898156018,174.9817646923475
-398,1951.3755014613782,1951.3763419237905,72.61595242016483
-397,1951.5854383590608,1951.5867964982363,117.34322475531371
-396,1951.7953752567437,1951.7966316227873,108.55002617245191
-395,1952.0053121544263,1952.0064795708142,100.86477591830771
-394,1952.215249052109,1952.2163416727258,94.40242129785474
-393,1952.4251859497917,1952.4268989318152,148.0016468296526
-392,1952.6351228474743,1952.6361488138864,88.64349800060154
-391,1952.845059745157,1952.8462645359907,104.09392803630908
-390,1953.0549966428396,1953.0560064016504,87.24316125517362
-389,1953.2649335405224,1953.2656796194865,64.46122249690234
-388,1953.474870438205,1953.475007605213,11.851229491730919
-387,1953.6848073358876,1953.6853646672314,48.153428101795726
-386,1953.8947442335705,1953.8948165865702,6.251299176074099
-385,1954.104681131253,1954.1047083581318,2.352402322139824
-384,1954.3146180289357,1954.3150989781566,41.55401268581045
-383,1954.5245549266185,1954.524760241384,17.739195737522095
-382,1954.7344918243011,1954.7349002540566,35.28833087111707
-381,1954.9444287219837,,
-380,1955.1543656196666,,
-379,1955.3643025173492,,
-378,1955.5742394150318,,
-377,1955.7841763127146,,
-376,1955.9941132103972,1955.9953915017486,110.44437275704695
-375,1956.2040501080799,1956.2051987852672,99.24570898292586
-374,1956.4139870057627,1956.4148527865902,74.80346350057516
-373,1956.6239239034453,1956.6246946306783,66.59083292906871
-372,1956.833860801128,1956.8345202816206,56.97911456809379
-371,1957.0437976988107,1957.0443361200475,46.51959485927364
-370,1957.2537345964934,1957.2545331422423,68.99435270679533
-369,1957.463671494176,1957.4644407379408,66.46266127936542
-368,1957.6736083918588,1957.6739863125174,32.65234490245348
-367,1957.8835452895414,1957.88401678929,40.73757827281952
-366,1958.093482187224,1958.0932952836304,-16.148470492043998
-365,1958.3034190849069,1958.303173269971,-21.238410457590362
-364,1958.5133559825895,1958.5129060004256,-38.87845896097133
-363,1958.723292880272,1958.7230280427743,-22.881959805818042
-362,1958.933229777955,1958.9331718236435,-5.007252503855852
-361,1959.1431666756375,1959.1430001572612,-14.387187713873573
-360,1959.3531035733201,1959.352938161714,-14.291562764992705
-359,1959.5630404710028,1959.5632909561334,21.641915289364988
-358,1959.7729773686856,1959.7736041962687,54.157903181476286
-357,1959.9829142663682,1959.9833471474012,37.4009212529927
-356,1960.1928511640508,1960.193580065506,62.97708572965348
-355,1960.4027880617336,1960.4031160599611,28.339046853943728
-354,1960.6127249594163,1960.6129937372943,23.222408667061245
-353,1960.8226618570989,1960.8234690259562,69.7393892762193
-352,1961.0325987547817,1961.0330842432052,41.946199787344085
-351,1961.2425356524643,1961.242986634215,38.96482325581019
-350,1961.452472550147,1961.4528581606028,33.31674338551238
-349,1961.6624094478298,1961.6626204142935,18.227502470836043
-348,1961.8723463455124,1961.87256316047,18.732812340022065
-347,1962.082283243195,1962.0822741127538,-0.7888701184128877
-346,1962.2922201408778,1962.2921160624753,-8.992373976070667
-345,1962.5021570385604,1962.5023377156938,15.610504322103225
-344,1962.712093936243,1962.7124804161954,33.39186788216466
-343,1962.9220308339259,1962.9224373207264,35.12045956813381
-342,1963.1319677316085,1963.1327191015548,64.91836336281267
-341,1963.341904629291,1963.3427764842993,75.32827270842972
-340,1963.551841526974,1963.5527870926614,81.69687540139421
-339,1963.7617784246565,1963.7628273489288,90.62705712276511
-338,1963.9717153223392,1963.9724593182013,64.28124249359826
-337,1964.181652220022,1964.182294078968,55.45661293290323
-336,1964.3915891177046,1964.3927387819485,99.33099067638977
-335,1964.6015260153872,1964.602606596016,93.36216631927527
-334,1964.81146291307,1964.8131194123791,143.12154030558304
-333,1965.0213998107527,1965.0228222887577,122.90209963175585
-332,1965.2313367084353,1965.2325313112033,103.21367915603332
-331,1965.441273606118,1965.4423103498018,89.57465427156421
-330,1965.6512105038007,1965.6517096965624,43.13025461160578
-329,1965.8611474014833,1965.8616227380774,41.06908172470867
-328,1966.0710842991662,1966.0712544124167,14.697784846066497
-327,1966.2810211968488,1966.2814297156353,35.29602315975353
-326,1966.4909580945314,1966.4924988449102,133.12083272903692
-325,1966.7008949922142,1966.7032236578991,201.1967151753197
-324,1966.9108318898968,1966.9140285544254,276.1918152675207
-323,1967.1207687875794,1967.1235433475451,239.7219810365641
-322,1967.3307056852623,1967.333729988168,261.29977105374564
-321,1967.5406425829449,1967.5431337614302,215.23782113363268
-320,1967.7505794806275,1967.7527583800593,188.25691090605687
-319,1967.9605163783103,1967.9623640407679,159.63803632985218
-318,1968.170453275993,1968.1716994858116,107.67252833102248
-317,1968.3803901736756,,
-316,1968.5903270713584,,
-315,1968.800263969041,,
-314,1969.0102008667236,,
-313,1969.2201377644062,,
-312,1969.430074662089,1969.4303944850215,27.63270135910716
-311,1969.6400115597717,1969.640194025625,15.765049734909553
-310,1969.8499484574543,1969.8498981696962,-4.3448622986034025
-309,1970.059885355137,1970.0598900061534,0.40184780809795484
-308,1970.2698222528197,1970.2704545333243,54.629035591642605
-307,1970.4797591505023,1970.480825775278,92.15638061214122
-306,1970.6896960481852,1970.6919689425663,196.37807452891138
-305,1970.8996329458678,1970.9024720445477,245.2981259470107
-304,1971.1095698435504,1971.1125781010694,259.9134496427723
-303,1971.3195067412332,1971.3231178539957,312.0001426737872
-302,1971.5294436389158,1971.5324551414437,260.19381841033464
-301,1971.7393805365984,1971.7418513492557,213.47821359013324
-300,1971.9493174342813,1971.9506438705655,114.60409495630302
-299,1972.159254331964,1972.16057046461,113.71386061655357
-298,1972.3691912296465,1972.370399822726,104.42244207588374
-297,1972.5791281273293,1972.5803200720327,102.98402236949187
-296,1972.789065025012,1972.7901750631468,95.90729484771146
-295,1972.9990019226946,1973.0000152731789,87.55348184349714
-294,1973.2089388203774,1973.209411397972,40.830704170366516
-293,1973.41887571806,1973.4195016173958,54.077702610811684
-292,1973.6288126157426,1973.6291385141385,28.15762140453444
-291,1973.8387495134255,1973.8390152396366,22.95874464616645
-290,1974.048686411108,1974.0489011507193,18.55350241094129
-289,1974.2586233087907,1974.2586431953937,1.7182025003421586
-288,1974.4685602064735,1974.4691325819338,49.45323976571672
-287,1974.6784971041561,1974.6795596634167,91.80512011735118
-286,1974.8884340018387,1974.890252801483,157.1442892673076
-285,1975.0983708995216,1975.1008806150337,216.83942024828866
-284,1975.3083077972042,1975.3111864822674,248.71838946492062
-283,1975.5182446948868,1975.5212532453697,259.93876172651653
-282,1975.7281815925694,1975.7305390474644,203.6841029272182
-281,1975.9381184902522,1975.9407090226687,223.82200077991
-280,1976.1480553879348,1976.1493083706869,108.25770977462525
-279,1976.3579922856175,1976.3591073914674,96.34514543795376
-278,1976.5679291833003,1976.5690756600047,99.05558726313757
-277,1976.777866080983,1976.7789606874817,94.57400149476598
-276,1976.9878029786655,1976.9895241589925,148.70998024998698
-275,1977.1977398763484,1977.1991333972562,120.40020643980824
-274,1977.407676774031,1977.4088753431986,103.5563760829973
-273,1977.6176136717136,1977.6186194458876,86.89888863518718
-272,1977.8275505693964,1977.8280772760888,45.50745822562021
-271,1978.037487467079,1978.0381117417674,53.937333072099136
-270,1978.2474243647616,1978.2477048295684,24.23215930684819
-269,1978.4573612624445,1978.4575919434844,19.930841853056336
-268,1978.667298160127,1978.6674338995824,11.72788894182304
-267,1978.8772350578097,1978.8773407606877,9.132728663098533
-266,1979.0871719554925,1979.0873848274257,18.392135026078904
-265,1979.2971088531751,1979.2976836566127,49.66301700260374
-264,1979.5070457508577,1979.508010509893,83.35518064486678
-263,1979.7169826485406,1979.7184965610732,130.80204281432088
-262,1979.9269195462232,1979.9286179805767,146.74472814731416
-261,1980.1368564439058,1980.138358800653,129.80362294911174
-260,1980.3467933415886,1980.3478635539755,92.46635022136616
-259,1980.5567302392712,1980.5574887546302,65.53572701232042
-258,1980.7666671369539,1980.767514465323,73.20917110046139
-257,1980.9766040346367,1980.9776230544815,88.04331458741217
-256,1981.1865409323193,1981.1881525192377,139.24110975349322
-255,1981.396477830002,1981.3975643884694,93.87865159005742
-254,1981.6064147276848,1981.6073592397222,81.6058400356269
-253,1981.8163516253674,1981.8169552421446,52.152489549916936
-252,1982.02628852305,1982.0267830881514,42.73042476634146
-251,1982.2362254207328,1982.236656894623,37.27934410489979
-250,1982.4461623184154,,
-249,1982.656099216098,,
-248,1982.8660361137809,,
-247,1983.0759730114635,,
-246,1983.285909909146,,
-245,1983.495846806829,,
-244,1983.7057837045115,,
-243,1983.9157206021941,,
-242,1984.1256574998768,,
-241,1984.3355943975596,,
-240,1984.5455312952422,,
-239,1984.7554681929248,,
-238,1984.9654050906076,,
-237,1985.1753419882903,,
-236,1985.3852788859729,,
-235,1985.5952157836557,,
-234,1985.8051526813383,,
-233,1986.015089579021,,
-232,1986.2250264767038,,
-231,1986.4349633743864,,
-230,1986.644900272069,,
-229,1986.8548371697518,,
-228,1987.0647740674344,,
-227,1987.274710965117,,
-226,1987.4846478627999,,
-225,1987.6945847604825,,
-224,1987.904521658165,,
-223,1988.114458555848,,
-222,1988.3243954535305,,
-221,1988.5343323512132,,
-220,1988.744269248896,,
-219,1988.9542061465786,,
-218,1989.1641430442612,,
-217,1989.374079941944,,
-216,1989.5840168396267,,
-215,1989.7939537373093,,
-214,1990.003890634992,,
-213,1990.2138275326747,,
-212,1990.4237644303573,,
-211,1990.6337013280402,,
-210,1990.8436382257228,,
-209,1991.0535751234054,,
-208,1991.263512021088,,
-207,1991.4734489187708,,
-206,1991.6833858164534,,
-205,1991.893322714136,,
-204,1992.1032596118189,,
-203,1992.3131965095015,,
-202,1992.523133407184,,
-201,1992.733070304867,,
-200,1992.9430072025496,,
-199,1993.1529441002322,,
-198,1993.362880997915,,
-197,1993.5728178955976,,
-196,1993.7827547932802,,
-195,1993.992691690963,,
-194,1994.2026285886457,,
-193,1994.4125654863283,,
-192,1994.622502384011,,
-191,1994.8324392816937,,
-190,1995.0423761793763,,
-189,1995.2523130770592,,
-188,1995.4622499747418,,
-187,1995.6721868724244,,
-186,1995.8821237701072,,
-185,1996.0920606677898,,
-184,1996.3019975654724,,
-183,1996.5119344631553,,
-182,1996.721871360838,,
-181,1996.9318082585205,,
-180,1997.1417451562033,,
-179,1997.351682053886,,
-178,1997.5616189515686,,
-177,1997.7715558492514,,
-176,1997.981492746934,,
-175,1998.1914296446166,,
-174,1998.4013665422995,,
-173,1998.611303439982,,
-172,1998.8212403376647,,
-171,1999.0311772353475,,
-170,1999.2411141330301,,
-169,1999.4510510307127,,
-168,1999.6609879283956,,
-167,1999.8709248260782,,
-166,2000.0808617237608,,
-165,2000.2907986214434,,
-164,2000.5007355191262,,
-163,2000.7106724168088,,
-162,2000.9206093144915,,
-161,2001.1305462121743,,
-160,2001.340483109857,,
-159,2001.5504200075395,,
-158,2001.7603569052224,,
-157,2001.970293802905,,
-156,2002.1802307005876,,
-155,2002.3901675982704,,
-154,2002.600104495953,,
-153,2002.8100413936356,,
-152,2003.0199782913185,,
-151,2003.229915189001,,
-150,2003.4398520866837,,
-149,2003.6497889843665,,
-148,2003.8597258820491,,
-147,2004.0696627797317,,
-146,2004.2795996774146,,
-145,2004.4895365750972,,
-144,2004.6994734727798,,
-143,2004.9094103704626,,
-142,2005.1193472681452,,
-141,2005.3292841658279,,
-140,2005.5392210635107,,
-139,2005.7491579611933,,
-138,2005.959094858876,,
-137,2006.1690317565588,,
-136,2006.3789686542414,,
-135,2006.588905551924,,
-134,2006.7988424496068,,
-133,2007.0087793472894,,
-132,2007.218716244972,,
-131,2007.4286531426546,,
-130,2007.6385900403375,,
-129,2007.84852693802,,
-128,2008.0584638357027,,
-127,2008.2684007333855,,
-126,2008.4783376310681,,
-125,2008.6882745287508,,
-124,2008.8982114264336,,
-123,2009.1081483241162,,
-122,2009.3180852217988,,
-121,2009.5280221194816,,
-120,2009.7379590171643,,
-119,2009.9478959148469,,
-118,2010.1578328125297,,
-117,2010.3677697102123,2010.368009596159,20.726145795924822
-116,2010.577706607895,2010.5779889455232,24.39397108319099
-115,2010.7876435055778,2010.787778452127,11.6593818529509
-114,2010.9975804032604,2010.997549528921,-2.6675429304305
-113,2011.207517300943,2011.2071078918516,-35.37294549605576
-112,2011.4174541986258,2011.417407198781,-4.060786601621658
-111,2011.6273910963084,2011.6275106792789,10.33196864736965
-110,2011.837327993991,2011.837752798816,36.7031368703465
-109,2012.0472648916739,2012.047703122285,37.86312479496701
-108,2012.2572017893565,2012.2581089220191,78.3762620514608
-107,2012.467138687039,2012.4682545006153,96.40629298664862
-106,2012.677075584722,2012.6779648063152,76.82874566089595
-105,2012.8870124824045,2012.8882571956378,107.54322335633333
-104,2013.0969493800872,2013.0978512050256,77.91767467861064
-103,2013.30688627777,2013.3080237298268,98.27585770835867
-102,2013.5168231754526,2013.517817198506,85.8835918144905
-101,2013.7267600731352,2013.7275232035213,65.93446535698604
-100,2013.936696970818,2013.9372767383172,50.09191192875733
-99,2014.1466338685007,2014.1473050911911,57.993640456697904
-98,2014.3565707661833,2014.3568873510194,27.35292984143598
-97,2014.566507663866,2014.5672642148752,65.36600718536647
-96,2014.7764445615487,2014.7771871246086,64.157448377955
-95,2014.9863814592313,2014.9877050611758,114.35920800286112
-94,2015.1963183569142,2015.198018808559,146.91902211634442
-93,2015.4062552545968,2015.408530355479,196.56871621482424
-92,2015.6161921522794,2015.6190130652901,243.72688412768184
-91,2015.826129049962,2015.8287962778309,230.44848787030787
-90,2016.0360659476448,2016.0382419598689,188.0074561559013
-89,2016.2460028453274,2016.24789654862,163.61596447895863
-88,2016.45593974301,2016.4571319295176,103.0049142500502
-87,2016.6658766406929,2016.6669974617994,96.83894360132399
-86,2016.8758135383755,2016.8775524440302,150.24144857015926
-85,2017.085750436058,2017.086970814545,105.44070127725718
-84,2017.295687333741,2017.296746298736,91.4945755750523
-83,2017.5056242314236,2017.5063981300525,66.86484154124628
-82,2017.7155611291062,2017.7161417570085,50.16625075950287
-81,2017.925498026789,2017.9259862209492,42.179975441104034
-80,2018.1354349244716,2018.1355840101069,12.880998886248562
-79,2018.3453718221542,2018.3455891751628,18.779299940069905
-78,2018.555308719837,2018.5557591491045,38.91708870360162
-77,2018.7652456175197,2018.7656410035527,34.16135325169307
-76,2018.9751825152023,2018.9763584307016,101.5990991385479
-75,2019.1851194128851,2019.1870418754038,166.10076161377947
-74,2019.3950563105677,2019.397257546962,190.18682446621824
-73,2019.6049932082503,2019.6076774576336,231.91914671406266
-72,2019.8149301059332,2019.8175815054274,229.08091629869887
-71,2020.0248670036158,2020.0265038183968,141.42079708035453
-70,2020.2348039012984,2020.236612224248,156.2391028368438
-69,2020.4447407989812,2020.4460270806694,111.1347378588107
-68,2020.6546776966638,2020.6552066855647,45.70464103744598
-67,2020.8646145943464,2020.8657193598765,95.45174179584137
-66,2021.0745514920293,2021.0756845044973,97.89227723667864
-65,2021.284488389712,2021.285725768547,106.90953135999735
-64,2021.4944252873945,2021.495546772484,96.89631173023372
-63,2021.7043621850773,2021.705115380186,65.07605739170685
-62,2021.91429908276,2021.9147932215544,42.69359184181667
-61,2022.1242359804426,2022.124544709767,26.67421362712048
-60,2022.3341728781254,,
-59,2022.544109775808,,
-58,2022.7540466734906,,
-57,2022.9639835711735,,
-56,2023.173920468856,,
-55,2023.3838573665387,2023.3857259270849,161.44363119165064
-54,2023.5937942642213,2023.5964950145783,233.34483084545354
-53,2023.8037311619041,2023.8065298928832,241.8103565913043
-52,2024.0136680595867,2024.016378932991,234.21946213493356
-51,2024.2236049572693,2024.2258418032322,193.2634911943751
-50,2024.4335418549522,2024.434767747674,105.91713116155006
-49,2024.6434787526348,2024.6446580911277,101.89484578440897
-48,2024.8534156503174,2024.8539985267548,50.360524193092715
-47,2025.0633525480002,2025.0636798842618,28.281852996587986
-46,2025.2732894456828,2025.2740271016025,63.73347146145534
-45,2025.4832263433655,2025.484331032429,95.44513509463286
-44,2025.6931632410483,2025.6943558669175,103.04287509716232
-43,2025.903100138731,2025.9039303539528,71.73059516935609
-42,2026.1130370364135,2026.1139120995144,75.60545191954589
-41,2026.3229739340964,2026.3236094769525,54.9109027684608
-40,2026.532910831779,2026.5334806674332,49.23380052568973
-39,2026.7428477294616,2026.7428885790641,3.5294056608108804
-38,2026.9527846271444,2026.9529197332186,11.67316480568843
-37,2027.162721524827,2027.162867534789,12.615260717575438
-36,2027.3726584225096,2027.3728208932303,14.037470261973795
-35,2027.5825953201925,2027.58273397679,11.97993002642761
-34,2027.792532217875,2027.7931230605782,51.048809548228746
-33,2028.0024691155577,2028.0029939611777,45.346661569783464
-32,2028.2124060132405,2028.2130496254833,55.60809777889517
-31,2028.4223429109231,2028.423159819211,70.58087606492336
-30,2028.6322798086057,2028.6334304721115,99.41732689840137
-29,2028.8422167062886,2028.843275252927,91.45842956058914
-28,2029.0521536039712,2029.0534125615552,108.77393525879597
-27,2029.2620905016538,2029.2631578644218,92.22014315746492
-26,2029.4720273993366,2029.473066852091,89.8087179812137
-25,2029.6819642970192,2029.6830384562973,92.80736161963432
-24,2029.8919011947019,2029.8929939458656,94.41370054337312
-23,2030.1018380923847,2030.1024536050982,53.180298443476204
-22,2030.3117749900673,2030.312416600368,55.43512997101061
-21,2030.52171188775,2030.5219981465532,24.732760602637427
-20,2030.7316487854328,2030.7314791841081,-14.65355444670422
-19,2030.9415856831154,2030.941580154362,-0.4776842819410376
-18,2031.151522580798,2031.1513825721217,-12.09674962592544
-17,2031.3614594784806,2031.361448249164,-0.9702129602374043
-16,2031.5713963761634,2031.571445501015,4.244387174549047
-15,2031.781333273846,2031.781317083912,-1.3988103026349563
-14,2031.9912701715286,2031.9916105041655,29.40473982162075
-13,2032.2012070692115,2032.2013470269894,12.09235201458796
-12,2032.411143966894,2032.4115881512155,38.37752536855987
-11,2032.6210808645767,2032.6217200071426,55.221917692688294
-10,2032.8310177622595,2032.8312423211526,19.40188835724257
-9,2033.0409546599421,2033.0418174634751,74.54622524965089
-8,2033.2508915576248,2033.2521915401721,112.31849209361826
-7,2033.4608284553076,2033.4617521740047,79.80929542900412
-6,2033.6707653529902,2033.6713562630835,51.05463205691194
-5,2033.8807022506728,2033.8811912224508,42.24716161406832
-4,2034.0906391483556,2034.0910136303598,32.35524516203441
-3,2034.3005760460383,2034.30063357305,4.970333808887517
-2,2034.5105129437209,2034.5107956584313,24.426550984208006
-1,2034.7204498414037,2034.7206355876476,16.0484754742356
0,2034.9303867390863,2034.9303867390863,0.0
1,2035.140323636769,,
2,2035.3502605344518,,
3,2035.5601974321344,,
4,2035.770134329817,,
5,2035.9800712274998,,
6,2036.1900081251824,,
7,2036.399945022865,,
8,2036.6098819205479,,
9,2036.8198188182305,,
10,2037.029755715913,,
11,2037.239692613596,,
12,2037.4496295112785,,
13,2037.6595664089612,,
14,2037.869503306644,,
15,2038.0794402043266,,
16,2038.2893771020092,,
17,2038.499313999692,,
18,2038.7092508973747,,
19,2038.9191877950573,,
20,2039.1291246927399,,
21,2039.3390615904227,,
22,2039.5489984881053,,
23,2039.758935385788,,
24,2039.9688722834708,,
25,2040.1788091811534,,
26,2040.388746078836,,
27,2040.5986829765188,,
28,2040.8086198742014,,
29,2041.018556771884,,
30,2041.228493669567,,
31,2041.4384305672495,,
32,2041.648367464932,,
33,2041.858304362615,,
34,2042.0682412602976,,
35,2042.2781781579802,,
36,2042.488115055663,,
37,2042.6980519533456,,
38,2042.9079888510282,,
39,2043.117925748711,,
40,2043.3278626463937,,
41,2043.5377995440763,,
42,2043.7477364417591,,
43,2043.9576733394417,,
44,2044.1676102371243,,
45,2044.3775471348072,,
46,2044.5874840324898,,
47,2044.7974209301724,,
48,2045.0073578278552,,
49,2045.2172947255378,,
50,2045.4272316232205,,
51,2045.6371685209033,,
52,2045.847105418586,,
53,2046.0570423162685,,
54,2046.2669792139513,,
55,2046.476916111634,,
56,2046.6868530093166,,
57,2046.8967899069992,,
58,2047.106726804682,,
59,2047.3166637023646,,
60,2047.5266006000472,,
61,2047.73653749773,,
62,2047.9464743954127,,
63,2048.1564112930955,,
64,2048.366348190778,,
65,2048.5762850884607,,
66,2048.7862219861436,,
67,2048.996158883826,,
68,2049.206095781509,,
69,2049.4160326791916,,
70,2049.625969576874,,
71,2049.835906474557,,
72,2050.0458433722397,,
73,2050.255780269922,,
74,2050.465717167605,,
75,2050.6756540652877,,
76,2050.88559096297,,
77,2051.095527860653,,
78,2051.305464758336,,
79,2051.515401656018,,
80,2051.725338553701,,
81,2051.935275451384,,
82,2052.1452123490662,,
83,2052.355149246749,,
84,2052.565086144432,,
85,2052.7750230421143,,
86,2052.984959939797,,
87,2053.19489683748,,
88,2053.4048337351624,,
89,2053.614770632845,,
90,2053.824707530528,,
91,2054.0346444282104,,
92,2054.2445813258933,,
93,2054.454518223576,,
94,2054.6644551212585,,
95,2054.8743920189413,,
96,2055.084328916624,,
97,2055.2942658143065,,
98,2055.5042027119894,,
99,2055.714139609672,,
100,2055.9240765073546,,
101,2056.1340134050374,,
102,2056.3439503027203,,
103,2056.5538872004026,,
104,2056.7638240980855,,
105,2056.9737609957683,,
106,2057.1836978934507,,
107,2057.3936347911335,,
108,2057.6035716888164,,
109,2057.8135085864988,,
110,2058.0234454841816,,
111,2058.2333823818644,,
112,2058.443319279547,,
113,2058.6532561772297,,
114,2058.863193074912,,
115,2059.073129972595,,
116,2059.2830668702777,,
117,2059.49300376796,,
118,2059.702940665643,,
119,2059.9128775633258,,
120,2060.122814461008,,
121,2060.332751358691,,
122,2060.542688256374,,
123,2060.752625154056,,
124,2060.962562051739,,
125,2061.172498949422,,
126,2061.3824358471043,,
127,2061.592372744787,,
128,2061.80230964247,,
129,2062.0122465401523,,
130,2062.222183437835,,
131,2062.432120335518,,
132,2062.6420572332004,,
133,2062.851994130883,,
134,2063.061931028566,,
135,2063.2718679262484,,
136,2063.4818048239313,,
137,2063.691741721614,,
138,2063.9016786192965,,
139,2064.1116155169793,,
140,2064.321552414662,,
141,2064.5314893123445,,
142,2064.7414262100274,,
143,2064.95136310771,,
144,2065.1613000053926,,
145,2065.3712369030754,,
146,2065.5811738007583,,
147,2065.7911106984407,,
148,2066.0010475961235,,
149,2066.2109844938063,,
150,2066.4209213914887,,
151,2066.6308582891716,,
152,2066.8407951868544,,
153,2067.050732084537,,
154,2067.2606689822196,,
155,2067.4706058799025,,
156,2067.680542777585,,
157,2067.8904796752677,,
158,2068.1004165729505,,
159,2068.310353470633,,
160,2068.5202903683157,,
161,2068.7302272659986,,
162,2068.940164163681,,
163,2069.150101061364,,
164,2069.3600379590466,,
165,2069.569974856729,,
166,2069.779911754412,,
167,2069.9898486520947,,
168,2070.199785549777,,
169,2070.40972244746,,
170,2070.6196593451427,,
171,2070.829596242825,,
172,2071.039533140508,,
173,2071.249470038191,,
174,2071.459406935873,,
175,2071.669343833556,,
176,2071.879280731239,,
177,2072.0892176289212,,
178,2072.299154526604,,
179,2072.509091424287,,
180,2072.7190283219693,,
181,2072.928965219652,,
182,2073.138902117335,,
183,2073.3488390150173,,
184,2073.5587759127,,
185,2073.768712810383,,
186,2073.9786497080654,,
187,2074.1885866057482,,
188,2074.3985235034306,,
189,2074.6084604011135,,
190,2074.8183972987963,,
191,2075.0283341964787,,
192,2075.2382710941615,,
193,2075.4482079918444,,
194,2075.6581448895267,,
195,2075.8680817872096,,
196,2076.0780186848924,,
197,2076.287955582575,,
198,2076.4978924802576,,
199,2076.7078293779405,,
200,2076.917766275623,,
201,2077.1277031733057,,
202,2077.3376400709885,,
203,2077.547576968671,,
204,2077.7575138663537,,
205,2077.9674507640366,,
206,2078.177387661719,,
207,2078.387324559402,,
208,2078.5972614570846,,
209,2078.807198354767,,
210,2079.01713525245,,
211,2079.2270721501327,,
212,2079.437009047815,,
213,2079.646945945498,,
214,2079.8568828431808,,
215,2080.066819740863,,
216,2080.276756638546,,
217,2080.486693536229,,
218,2080.696630433911,,
219,2080.906567331594,,
220,2081.116504229277,,
221,2081.3264411269593,,
222,2081.536378024642,,
223,2081.746314922325,,
224,2081.9562518200073,,
225,2082.16618871769,,
226,2082.376125615373,,
227,2082.5860625130554,,
228,2082.795999410738,,
229,2083.005936308421,,
230,2083.2158732061034,,
231,2083.4258101037863,,
232,2083.635747001469,,
233,2083.8456838991515,,
234,2084.0556207968343,,
235,2084.265557694517,,
236,2084.4754945921995,,
237,2084.6854314898824,,
238,2084.895368387565,,
239,2085.1053052852476,,
240,2085.3152421829304,,
241,2085.5251790806133,,
242,2085.7351159782957,,
243,2085.9450528759785,,
244,2086.1549897736613,,
245,2086.3649266713437,,
246,2086.5748635690265,,
247,2086.7848004667094,,
248,2086.9947373643918,,
249,2087.2046742620746,,
250,2087.4146111597574,,
251,2087.62454805744,,
252,2087.8344849551227,,
253,2088.0444218528055,,
254,2088.254358750488,,
255,2088.4642956481707,,
256,2088.6742325458536,,
257,2088.884169443536,,
258,2089.094106341219,,
259,2089.3040432389016,,
260,2089.513980136584,,
261,2089.723917034267,,
262,2089.9338539319497,,
263,2090.143790829632,,
264,2090.353727727315,,
265,2090.5636646249973,,
266,2090.77360152268,,
267,2090.983538420363,,
268,2091.1934753180453,,
269,2091.403412215728,,
270,2091.613349113411,,
271,2091.8232860110934,,
272,2092.033222908776,,
273,2092.243159806459,,
274,2092.4530967041414,,
275,2092.6630336018243,,
276,2092.872970499507,,
277,2093.0829073971895,,
278,2093.2928442948723,,
279,2093.502781192555,,
280,2093.7127180902376,,
281,2093.9226549879204,,
282,2094.1325918856032,,
283,2094.3425287832856,,
284,2094.5524656809685,,
285,2094.7624025786513,,
286,2094.9723394763337,,
287,2095.1822763740165,,
288,2095.3922132716993,,
289,2095.6021501693817,,
290,2095.8120870670646,,
291,2096.0220239647474,,
292,2096.23196086243,,
293,2096.4418977601126,,
294,2096.6518346577955,,
295,2096.861771555478,,
296,2097.0717084531607,,
297,2097.2816453508435,,
298,2097.491582248526,,
299,2097.7015191462087,,
300,2097.9114560438916,,
301,2098.121392941574,,
302,2098.331329839257,,
303,2098.5412667369396,,
304,2098.751203634622,,
305,2098.961140532305,,
306,2099.1710774299877,,
307,2099.38101432767,,
308,2099.590951225353,,
309,2099.8008881230357,,
310,2100.010825020718,,
311,2100.220761918401,,
312,2100.430698816084,,
313,2100.640635713766,,
314,2100.850572611449,,
315,2101.060509509132,,
316,2101.2704464068142,,
317,2101.480383304497,,
318,2101.69032020218,,
319,2101.9002570998623,,
320,2102.110193997545,,
321,2102.320130895228,,
322,2102.5300677929104,,
323,2102.740004690593,,
324,2102.949941588276,,
325,2103.1598784859584,,
326,2103.3698153836413,,
327,2103.579752281324,,
328,2103.7896891790065,,
329,2103.9996260766893,,
330,2104.209562974372,,
331,2104.4194998720545,,
332,2104.6294367697374,,
333,2104.83937366742,,
334,2105.0493105651026,,
335,2105.2592474627854,,
336,2105.469184360468,,
337,2105.6791212581506,,
338,2105.8890581558335,,
339,2106.098995053516,,
340,2106.3089319511987,,
341,2106.5188688488815,,
342,2106.728805746564,,
343,2106.9387426442468,,
344,2107.1486795419296,,
345,2107.358616439612,,
346,2107.568553337295,,
347,2107.7784902349777,,
348,2107.98842713266,,
349,2108.198364030343,,
350,2108.4083009280257,,
351,2108.618237825708,,
352,2108.828174723391,,
353,2109.0381116210738,,
354,2109.248048518756,,
355,2109.457985416439,,
356,2109.667922314122,,
357,2109.877859211804,,
358,2110.087796109487,,
359,2110.29773300717,,
360,2110.5076699048523,,
361,2110.717606802535,,
362,2110.927543700218,,
363,2111.1374805979003,,
364,2111.347417495583,,
365,2111.557354393266,,
366,2111.7672912909484,,
367,2111.977228188631,,
368,2112.187165086314,,
369,2112.3971019839964,,
370,2112.6070388816793,,
371,2112.816975779362,,
372,2113.0269126770445,,
373,2113.2368495747273,,
374,2113.44678647241,,
375,2113.6567233700925,,
376,2113.8666602677754,,
377,2114.076597165458,,
378,2114.2865340631406,,
379,2114.4964709608234,,
380,2114.7064078585063,,
381,2114.9163447561887,,
382,2115.1262816538715,,
383,2115.3362185515543,,
384,2115.5461554492367,,
385,2115.7560923469196,,
386,2115.9660292446024,,
387,2116.175966142285,,
388,2116.3859030399676,,
389,2116.5958399376505,,
390,2116.805776835333,,
391,2117.0157137330157,,
392,2117.2256506306985,,
393,2117.435587528381,,
394,2117.6455244260637,,
395,2117.8554613237466,,
396,2118.065398221429,,
397,2118.275335119112,,
398,2118.4852720167946,,
399,2118.695208914477,,
400,2118.90514581216,,
401,2119.1150827098427,,
402,2119.325019607525,,
403,2119.534956505208,,
404,2119.7448934028907,,
405,2119.954830300573,,
406,2120.164767198256,,
407,2120.374704095939,,
408,2120.584640993621,,
409,2120.794577891304,,
410,2121.004514788987,,
411,2121.2144516866692,,
412,2121.424388584352,,
413,2121.634325482035,,
414,2121.8442623797173,,
415,2122.0541992774,,
416,2122.264136175083,,
417,2122.4740730727653,,
418,2122.684009970448,,
419,2122.8939468681306,,
420,2123.1038837658134,,
421,2123.3138206634962,,
422,2123.5237575611786,,
423,2123.7336944588615,,
424,2123.9436313565443,,
425,2124.1535682542267,,
426,2124.3635051519095,,
427,2124.5734420495924,,
428,2124.7833789472747,,
429,2124.9933158449576,,
430,2125.2032527426404,,
431,2125.413189640323,,
432,2125.6231265380056,,
433,2125.8330634356885,,
434,2126.043000333371,,
435,2126.2529372310537,,
436,2126.4628741287365,,
437,2126.672811026419,,
438,2126.8827479241017,,
439,2127.0926848217846,,
440,2127.302621719467,,
441,2127.51255861715,,
442,2127.7224955148326,,
443,2127.932432412515,,
444,2128.142369310198,,
445,2128.3523062078807,,
446,2128.562243105563,,
447,2128.772180003246,,
448,2128.9821169009288,,
449,2129.192053798611,,
450,2129.401990696294,,
451,2129.611927593977,,
452,2129.821864491659,,
453,2130.031801389342,,
454,2130.241738287025,,
455,2130.4516751847073,,
456,2130.66161208239,,
457,2130.871548980073,,
458,2131.0814858777553,,
459,2131.291422775438,,
460,2131.501359673121,,
461,2131.7112965708034,,
462,2131.921233468486,,
463,2132.131170366169,,
464,2132.3411072638514,,
465,2132.5510441615343,,
466,2132.760981059217,,
467,2132.9709179568995,,
468,2133.1808548545823,,
469,2133.390791752265,,
470,2133.6007286499475,,
471,2133.8106655476304,,
472,2134.020602445313,,
473,2134.2305393429956,,
474,2134.4404762406784,,
475,2134.6504131383613,,
476,2134.8603500360437,,
477,2135.0702869337265,,
478,2135.2802238314093,,
479,2135.4901607290917,,
480,2135.7000976267746,,
481,2135.9100345244574,,
482,2136.1199714221398,,
483,2136.3299083198226,,
484,2136.5398452175054,,
485,2136.749782115188,,
486,2136.9597190128707,,
487,2137.169655910553,,
488,2137.379592808236,,
489,2137.5895297059187,,
490,2137.799466603601,,
491,2138.009403501284,,
492,2138.219340398967,,
493,2138.429277296649,,
494,2138.639214194332,,
495,2138.849151092015,,
496,2139.059087989697,,
497,2139.26902488738,,
498,2139.478961785063,,
499,2139.6888986827453,,
500,2139.898835580428,,
501,2140.108772478111,,
502,2140.3187093757933,,
503,2140.528646273476,,
504,2140.738583171159,,
505,2140.9485200688414,,
506,2141.158456966524,,
507,2141.368393864207,,
508,2141.5783307618894,,
509,2141.7882676595723,,
510,2141.998204557255,,
511,2142.2081414549375,,
512,2142.4180783526203,,
513,2142.628015250303,,
514,2142.8379521479856,,
515,2143.0478890456684,,
516,2143.2578259433512,,
517,2143.4677628410336,,
518,2143.6776997387165,,
519,2143.8876366363993,,
520,2144.0975735340817,,
521,2144.3075104317645,,
522,2144.5174473294474,,
523,2144.7273842271297,,
524,2144.9373211248126,,
525,2145.1472580224954,,
526,2145.357194920178,,
527,2145.5671318178606,,
528,2145.7770687155435,,
529,2145.987005613226,,
530,2146.1969425109087,,
531,2146.4068794085915,,
532,2146.616816306274,,
533,2146.8267532039567,,
534,2147.0366901016396,,
535,2147.246626999322,,
536,2147.456563897005,,
537,2147.6665007946876,,
538,2147.87643769237,,
539,2148.086374590053,,
540,2148.2963114877357,,
541,2148.506248385418,,
542,2148.716185283101,,
543,2148.9261221807838,,
544,2149.136059078466,,
545,2149.345995976149,,
546,2149.555932873832,,
547,2149.765869771514,,
548,2149.975806669197,,
549,2150.18574356688,,
550,2150.3956804645622,,
551,2150.605617362245,,
552,2150.815554259928,,
553,2151.0254911576103,,
554,2151.235428055293,,
555,2151.445364952976,,
556,2151.6553018506584,,
557,2151.865238748341,,
558,2152.075175646024,,
559,2152.2851125437064,,
560,2152.4950494413893,,
561,2152.704986339072,,
562,2152.9149232367545,,
563,2153.1248601344373,,
564,2153.33479703212,,
565,2153.5447339298025,,
566,2153.7546708274854,,
567,2153.964607725168,,
568,2154.1745446228506,,
569,2154.3844815205334,,
570,2154.594418418216,,
571,2154.8043553158986,,
572,2155.0142922135815,,
573,2155.224229111264,,
574,2155.4341660089467,,
575,2155.6441029066295,,
576,2155.854039804312,,
577,2156.0639767019948,,
578,2156.2739135996776,,
579,2156.48385049736,,
580,2156.693787395043,,
581,2156.9037242927257,,
582,2157.113661190408,,
583,2157.323598088091,,
584,2157.5335349857737,,
585,2157.743471883456,,
586,2157.953408781139,,
587,2158.1633456788218,,
588,2158.373282576504,,
589,2158.583219474187,,
590,2158.79315637187,,
591,2159.003093269552,,
592,2159.213030167235,,
593,2159.422967064918,,
594,2159.6329039626003,,
595,2159.842840860283,,
596,2160.052777757966,,
597,2160.2627146556483,,
598,2160.472651553331,,
599,2160.682588451014,,
600,2160.8925253486964,,
601,2161.102462246379,,
602,2161.312399144062,,
603,2161.5223360417444,,
604,2161.7322729394273,,
605,2161.94220983711,,
606,2162.1521467347925,,
607,2162.3620836324753,,
608,2162.572020530158,,
609,2162.7819574278406,,
610,2162.9918943255234,,
611,2163.201831223206,,
612,2163.4117681208886,,
613,2163.6217050185714,,
614,2163.8316419162543,,
615,2164.0415788139367,,
616,2164.2515157116195,,
617,2164.4614526093023,,
618,2164.6713895069847,,
619,2164.8813264046676,,
620,2165.0912633023504,,
621,2165.301200200033,,
622,2165.5111370977156,,
623,2165.7210739953985,,
624,2165.931010893081,,
625,2166.1409477907637,,
626,2166.3508846884465,,
627,2166.560821586129,,
628,2166.7707584838117,,
629,2166.9806953814946,,
630,2167.190632279177,,
631,2167.40056917686,,
632,2167.610506074542,,
633,2167.820442972225,,
634,2168.030379869908,,
635,2168.2403167675902,,
636,2168.450253665273,,
637,2168.660190562956,,
638,2168.8701274606383,,
639,2169.080064358321,,
640,2169.290001256004,,
641,2169.4999381536863,,
642,2169.709875051369,,
643,2169.919811949052,,
644,2170.1297488467344,,
645,2170.3396857444172,,
646,2170.5496226421,,
647,2170.7595595397825,,
648,2170.9694964374653,,
649,2171.179433335148,,
650,2171.3893702328305,,
651,2171.5993071305134,,
652,2171.809244028196,,
653,2172.0191809258786,,
654,2172.2291178235614,,
655,2172.4390547212442,,
656,2172.6489916189266,,
657,2172.8589285166095,,
658,2173.0688654142923,,
659,2173.2788023119747,,
660,2173.4887392096575,,
661,2173.6986761073404,,
662,2173.9086130050227,,
663,2174.1185499027056,,
664,2174.3284868003884,,
665,2174.538423698071,,
666,2174.7483605957536,,
667,2174.9582974934365,,
668,2175.168234391119,,
669,2175.3781712888017,,
670,2175.5881081864845,,
671,2175.798045084167,,
672,2176.0079819818498,,
673,2176.2179188795326,,
674,2176.427855777215,,
675,2176.637792674898,,
676,2176.8477295725806,,
677,2177.057666470263,,
678,2177.267603367946,,
679,2177.4775402656287,,
680,2177.687477163311,,
681,2177.897414060994,,
682,2178.1073509586768,,
683,2178.317287856359,,
684,2178.527224754042,,
685,2178.737161651725,,
686,2178.947098549407,,
687,2179.15703544709,,
688,2179.366972344773,,
689,2179.5769092424553,,
690,2179.786846140138,,
691,2179.996783037821,,
692,2180.2067199355033,,
693,2180.416656833186,,
694,2180.626593730869,,
695,2180.8365306285514,,
696,2181.046467526234,,
697,2181.256404423917,,
698,2181.4663413215994,,
699,2181.6762782192823,,
700,2181.886215116965,,
701,2182.0961520146475,,
702,2182.3060889123303,,
703,2182.516025810013,,
704,2182.7259627076955,,
705,2182.9358996053784,,
706,2183.145836503061,,
707,2183.3557734007436,,
708,2183.5657102984264,,
709,2183.7756471961093,,
710,2183.9855840937917,,
711,2184.1955209914745,,
712,2184.4054578891573,,
713,2184.6153947868397,,
714,2184.8253316845226,,
715,2185.0352685822054,,
716,2185.2452054798878,,
717,2185.4551423775706,,
718,2185.6650792752534,,
719,2185.875016172936,,
720,2186.0849530706187,,
721,2186.2948899683015,,
722,2186.504826865984,,
723,2186.7147637636667,,
724,2186.924700661349,,
725,2187.134637559032,,
726,2187.344574456715,,
727,2187.554511354397,,
728,2187.76444825208,,
729,2187.974385149763,,
730,2188.184322047445,,
731,2188.394258945128,,
732,2188.604195842811,,
733,2188.8141327404933,,
734,2189.024069638176,,
735,2189.234006535859,,
736,2189.4439434335413,,
737,2189.653880331224,,
738,2189.863817228907,,
739,2190.0737541265894,,
740,2190.2836910242722,,
741,2190.493627921955,,
742,2190.7035648196374,,
743,2190.9135017173203,,
744,2191.123438615003,,
745,2191.3333755126855,,
746,2191.5433124103683,,
747,2191.753249308051,,
748,2191.9631862057336,,
749,2192.1731231034164,,
750,2192.3830600010992,,
751,2192.5929968987816,,
752,2192.8029337964645,,
753,2193.0128706941473,,
754,2193.2228075918297,,
755,2193.4327444895125,,
756,2193.6426813871954,,
757,2193.8526182848777,,
758,2194.0625551825606,,
759,2194.2724920802434,,
760,2194.482428977926,,
761,2194.6923658756086,,
762,2194.9023027732915,,
763,2195.112239670974,,
764,2195.3221765686567,,
765,2195.5321134663395,,
766,2195.742050364022,,
767,2195.9519872617047,,
768,2196.1619241593876,,
769,2196.37186105707,,
770,2196.581797954753,,
771,2196.7917348524356,,
772,2197.001671750118,,
773,2197.211608647801,,
774,2197.4215455454837,,
775,2197.631482443166,,
776,2197.841419340849,,
777,2198.0513562385318,,
778,2198.261293136214,,
779,2198.471230033897,,
780,2198.68116693158,,
781,2198.891103829262,,
782,2199.101040726945,,
783,2199.3109776246274,,
784,2199.5209145223102,,
785,2199.730851419993,,
786,2199.9407883176755,,
787,2200.1507252153583,,
788,2200.360662113041,,
789,2200.5705990107235,,
790,2200.7805359084064,,
791,2200.990472806089,,
792,2201.2004097037716,,
793,2201.4103466014544,,
794,2201.6202834991373,,
795,2201.8302203968196,,
796,2202.0401572945025,,
797,2202.2500941921853,,
798,2202.4600310898677,,
799,2202.6699679875505,,
800,2202.8799048852334,,
801,2203.0898417829158,,
802,2203.2997786805986,,
803,2203.5097155782814,,
804,2203.719652475964,,
805,2203.9295893736466,,
806,2204.1395262713295,,
807,2204.349463169012,,
808,2204.5594000666947,,
809,2204.7693369643775,,
810,2204.97927386206,,
811,2205.1892107597428,,
812,2205.3991476574256,,
813,2205.609084555108,,
814,2205.819021452791,,
815,2206.0289583504737,,
816,2206.238895248156,,
817,2206.448832145839,,
818,2206.6587690435217,,
819,2206.868705941204,,
820,2207.078642838887,,
821,2207.28857973657,,
822,2207.498516634252,,
823,2207.708453531935,,
824,2207.918390429618,,
825,2208.1283273273,,
826,2208.338264224983,,
827,2208.548201122666,,
828,2208.7581380203483,,
829,2208.968074918031,,
830,2209.178011815714,,
831,2209.3879487133963,,
832,2209.597885611079,,
833,2209.807822508762,,
834,2210.0177594064444,,
835,2210.227696304127,,
836,2210.43763320181,,
837,2210.6475700994924,,
838,2210.8575069971753,,
839,2211.067443894858,,
840,2211.2773807925405,,
841,2211.4873176902233,,
842,2211.697254587906,,
843,2211.9071914855886,,
844,2212.1171283832714,,
845,2212.3270652809542,,
846,2212.5370021786366,,
847,2212.7469390763194,,
848,2212.9568759740023,,
849,2213.1668128716847,,
850,2213.3767497693675,,
851,2213.5866866670503,,
852,2213.7966235647327,,
853,2214.0065604624156,,
854,2214.2164973600984,,
855,2214.426434257781,,
856,2214.6363711554636,,
857,2214.8463080531465,,
858,2215.056244950829,,
859,2215.2661818485117,,
860,2215.4761187461945,,
861,2215.686055643877,,
862,2215.8959925415597,,
863,2216.1059294392426,,
864,2216.315866336925,,
865,2216.525803234608,,
866,2216.7357401322906,,
867,2216.945677029973,,
868,2217.155613927656,,
869,2217.3655508253387,,
870,2217.575487723021,,
871,2217.785424620704,,
872,2217.9953615183863,,
873,2218.205298416069,,
874,2218.415235313752,,
875,2218.6251722114343,,
876,2218.835109109117,,
877,2219.0450460068,,
878,2219.2549829044824,,
879,2219.4649198021652,,
880,2219.674856699848,,
881,2219.8847935975305,,
882,2220.0947304952133,,
883,2220.304667392896,,
884,2220.5146042905785,,
885,2220.7245411882614,,
886,2220.934478085944,,
887,2221.1444149836266,,
888,2221.3543518813094,,
889,2221.5642887789922,,
890,2221.7742256766746,,
891,2221.9841625743575,,
892,2222.1940994720403,,
893,2222.4040363697227,,
894,2222.6139732674055,,
895,2222.8239101650884,,
896,2223.0338470627707,,
897,2223.2437839604536,,
898,2223.4537208581364,,
899,2223.663657755819,,
900,2223.8735946535016,,
901,2224.0835315511845,,
902,2224.293468448867,,
903,2224.5034053465497,,
904,2224.7133422442325,,
905,2224.923279141915,,
906,2225.1332160395978,,
907,2225.3431529372806,,
908,2225.553089834963,,
909,2225.763026732646,,
910,2225.9729636303286,,
911,2226.182900528011,,
912,2226.392837425694,,
913,2226.6027743233767,,
914,2226.812711221059,,
915,2227.022648118742,,
916,2227.2325850164248,,
917,2227.442521914107,,
918,2227.65245881179,,
919,2227.862395709473,,
920,2228.072332607155,,
921,2228.282269504838,,
922,2228.492206402521,,
923,2228.7021433002033,,
924,2228.912080197886,,
925,2229.122017095569,,
926,2229.3319539932513,,
927,2229.541890890934,,
928,2229.751827788617,,
929,2229.9617646862994,,
930,2230.171701583982,,
931,2230.381638481665,,
932,2230.5915753793474,,
933,2230.8015122770303,,
934,2231.0114491747127,,
935,2231.2213860723955,,
936,2231.4313229700783,,
937,2231.6412598677607,,
938,2231.8511967654435,,
939,2232.0611336631264,,
940,2232.2710705608088,,
941,2232.4810074584916,,
942,2232.6909443561744,,
943,2232.900881253857,,
944,2233.1108181515397,,
945,2233.3207550492225,,
946,2233.530691946905,,
947,2233.7406288445877,,
948,2233.9505657422706,,
949,2234.160502639953,,
950,2234.370439537636,,
951,2234.5803764353186,,
952,2234.790313333001,,
953,2235.000250230684,,
954,2235.2101871283667,,
955,2235.420124026049,,
956,2235.630060923732,,
957,2235.8399978214147,,
958,2236.049934719097,,
959,2236.25987161678,,
960,2236.469808514463,,
961,2236.679745412145,,
962,2236.889682309828,,
963,2237.099619207511,,
964,2237.309556105193,,
965,2237.519493002876,,
966,2237.729429900559,,
967,2237.9393667982413,,
968,2238.149303695924,,
969,2238.359240593607,,
970,2238.5691774912893,,
971,2238.779114388972,,
972,2238.989051286655,,
973,2239.1989881843374,,
974,2239.4089250820202,,
975,2239.618861979703,,
976,2239.8287988773855,,
977,2240.0387357750683,,
978,2240.248672672751,,
979,2240.4586095704335,,
980,2240.6685464681163,,
981,2240.878483365799,,
982,2241.0884202634816,,
983,2241.2983571611644,,
984,2241.5082940588472,,
985,2241.7182309565296,,
986,2241.9281678542125,,
987,2242.1381047518953,,
988,2242.3480416495777,,
989,2242.5579785472605,,
990,2242.7679154449434,,
991,2242.9778523426257,,
992,2243.1877892403086,,
993,2243.3977261379914,,
994,2243.607663035674,,
995,2243.8175999333566,,
996,2244.0275368310395,,
997,2244.237473728722,,
998,2244.4474106264047,,
999,2244.6573475240875,,
1000,2244.86728442177,,
1001,2245.0772213194527,,
1002,2245.2871582171356,,
1003,2245.497095114818,,
1004,2245.707032012501,,
1005,2245.9169689101836,,
1006,2246.126905807866,,
1007,2246.336842705549,,
1008,2246.5467796032317,,
1009,2246.756716500914,,
1010,2246.966653398597,,
1011,2247.1765902962798,,
1012,2247.386527193962,,
1013,2247.596464091645,,
1014,2247.806400989328,,
1015,2248.01633788701,,
1016,2248.226274784693,,
1017,2248.436211682376,,
1018,2248.6461485800583,,
1019,2248.856085477741,,
1020,2249.066022375424,,
1021,2249.2759592731063,,
1022,2249.485896170789,,
1023,2249.6958330684715,,
1024,2249.9057699661544,,
1025,2250.115706863837,,
1026,2250.3256437615196,,
1027,2250.5355806592024,,
1028,2250.7455175568853,,
1029,2250.9554544545676,,
1030,2251.1653913522505,,
1031,2251.3753282499333,,
1032,2251.5852651476157,,
1033,2251.7952020452985,,
1034,2252.0051389429814,,
1035,2252.2150758406638,,
1036,2252.4250127383466,,
1037,2252.6349496360294,,
1038,2252.844886533712,,
1039,2253.0548234313947,,
1040,2253.2647603290775,,
1041,2253.47469722676,,
1042,2253.6846341244427,,
1043,2253.8945710221255,,
1044,2254.104507919808,,
1045,2254.3144448174908,,
1046,2254.5243817151736,,
1047,2254.734318612856,,
1048,2254.944255510539,,
1049,2255.1541924082217,,
1050,2255.364129305904,,
1051,2255.574066203587,,
1052,2255.7840031012697,,
1053,2255.993939998952,,
1054,2256.203876896635,,
1055,2256.413813794318,,
1056,2256.623750692,,
1057,2256.833687589683,,
1058,2257.043624487366,,
1059,2257.253561385048,,
1060,2257.463498282731,,
1061,2257.673435180414,,
1062,2257.8833720780963,,
1063,2258.093308975779,,
1064,2258.303245873462,,
1065,2258.5131827711443,,
1066,2258.723119668827,,
1067,2258.93305656651,,
1068,2259.1429934641924,,
1069,2259.352930361875,,
1070,2259.562867259558,,
1071,2259.7728041572404,,
1072,2259.9827410549233,,
1073,2260.192677952606,,
1074,2260.4026148502885,,
1075,2260.6125517479713,,
1076,2260.822488645654,,
1077,2261.0324255433366,,
1078,2261.2423624410194,,
1079,2261.4522993387022,,
1080,2261.6622362363846,,
1081,2261.8721731340675,,
1082,2262.0821100317503,,
1083,2262.2920469294327,,
1084,2262.5019838271155,,
1085,2262.711920724798,,
1086,2262.9218576224807,,
1087,2263.1317945201636,,
1088,2263.341731417846,,
1089,2263.551668315529,,
1090,2263.7616052132116,,
1091,2263.971542110894,,
1092,2264.181479008577,,
1093,2264.3914159062597,,
1094,2264.601352803942,,
1095,2264.811289701625,,
1096,2265.0212265993077,,
1097,2265.23116349699,,
1098,2265.441100394673,,
1099,2265.651037292356,,
1100,2265.860974190038,,
1101,2266.070911087721,,
1102,2266.280847985404,,
1103,2266.4907848830862,,
1104,2266.700721780769,,
1105,2266.910658678452,,
1106,2267.1205955761343,,
1107,2267.330532473817,,
1108,2267.5404693715,,
1109,2267.7504062691823,,
1110,2267.960343166865,,
1111,2268.170280064548,,
1112,2268.3802169622304,,
1113,2268.5901538599132,,
1114,2268.800090757596,,
1115,2269.0100276552785,,
1116,2269.2199645529613,,
1117,2269.429901450644,,
1118,2269.6398383483265,,
1119,2269.8497752460094,,
1120,2270.059712143692,,
1121,2270.2696490413746,,
1122,2270.4795859390574,,
1123,2270.6895228367403,,
1124,2270.8994597344226,,
1125,2271.1093966321055,,
1126,2271.3193335297883,,
1127,2271.5292704274707,,
1128,2271.7392073251535,,
1129,2271.9491442228364,,
1130,2272.1590811205187,,
1131,2272.3690180182016,,
1132,2272.5789549158844,,
1133,2272.788891813567,,
1134,2272.9988287112496,,
1135,2273.2087656089325,,
1136,2273.418702506615,,
1137,2273.6286394042977,,
1138,2273.8385763019805,,
1139,2274.048513199663,,
1140,2274.2584500973458,,
1141,2274.4683869950286,,
1142,2274.678323892711,,
1143,2274.888260790394,,
1144,2275.0981976880767,,
1145,2275.308134585759,,
1146,2275.518071483442,,
1147,2275.7280083811247,,
1148,2275.937945278807,,
1149,2276.14788217649,,
1150,2276.3578190741728,,
1151,2276.567755971855,,
1152,2276.777692869538,,
1153,2276.987629767221,,
1154,2277.197566664903,,
1155,2277.407503562586,,
1156,2277.617440460269,,
1157,2277.8273773579513,,
1158,2278.037314255634,,
1159,2278.247251153317,,
1160,2278.4571880509993,,
1161,2278.667124948682,,
1162,2278.877061846365,,
1163,2279.0869987440474,,
1164,2279.29693564173,,
1165,2279.506872539413,,
1166,2279.7168094370954,,
